ID,round,choice,reward
0,0,0,2
0,1,0,2
0,2,0,2
0,3,0,2
0,4,0,2
0,5,0,2
0,6,0,2
0,7,0,2
0,8,0,2
0,9,0,2
0,10,0,2
0,11,0,2
0,12,0,2
0,13,0,2
0,14,0,2
0,15,0,2
0,16,0,2
0,17,0,2
0,18,0,2
0,19,0,2
0,20,0,2
0,21,0,2
0,22,0,2
0,23,0,2
0,24,0,2
0,25,0,2
0,26,0,2
0,27,0,2
0,28,0,2
0,29,0,2
0,30,0,2
0,31,0,2
0,32,0,2
0,33,0,2
0,34,0,2
0,35,0,2
0,36,0,2
0,37,0,2
0,38,0,2
0,39,0,2
0,40,0,2
0,41,0,2
0,42,0,2
0,43,0,2
0,44,0,2
0,45,0,2
0,46,0,2
0,47,0,2
0,48,0,2
0,49,0,2
0,50,0,2
0,51,0,2
0,52,0,2
0,53,0,2
0,54,0,2
0,55,0,2
0,56,0,2
0,57,0,2
0,58,0,2
0,59,0,2
0,60,0,2
0,61,0,2
0,62,0,2
0,63,0,2
0,64,0,2
0,65,0,2
0,66,0,2
0,67,0,2
0,68,0,2
0,69,0,2
0,70,0,2
0,71,0,2
0,72,1,5
0,73,1,0
0,74,1,0
0,75,0,2
0,76,0,2
0,77,0,2
0,78,0,2
0,79,0,2
0,80,0,2
0,81,0,2
0,82,0,2
0,83,0,2
0,84,0,2
0,85,0,2
0,86,0,2
0,87,0,2
0,88,0,2
0,89,0,2
0,90,0,2
0,91,0,2
0,92,0,2
0,93,0,2
0,94,0,2
0,95,0,2
0,96,0,2
0,97,0,2
0,98,0,2
0,99,0,2
1,0,0,2
1,1,0,2
1,2,0,2
1,3,0,2
1,4,1,0
1,5,1,0
1,6,0,2
1,7,0,2
1,8,0,2
1,9,0,2
1,10,0,2
1,11,0,2
1,12,0,2
1,13,0,2
1,14,0,2
1,15,0,2
1,16,0,2
1,17,0,2
1,18,0,2
1,19,0,2
1,20,0,2
1,21,0,2
1,22,0,2
1,23,0,2
1,24,0,2
1,25,0,2
1,26,0,2
1,27,0,2
1,28,0,2
1,29,0,2
1,30,0,2
1,31,0,2
1,32,0,2
1,33,0,2
1,34,0,2
1,35,0,2
1,36,0,2
1,37,0,2
1,38,0,2
1,39,0,2
1,40,1,0
1,41,0,2
1,42,0,2
1,43,0,2
1,44,0,2
1,45,0,2
1,46,0,2
1,47,0,2
1,48,1,0
1,49,1,5
1,50,1,0
1,51,1,0
1,52,0,2
1,53,0,2
1,54,0,2
1,55,0,2
1,56,0,2
1,57,0,2
1,58,0,2
1,59,0,2
1,60,0,2
1,61,0,2
1,62,0,2
1,63,0,2
1,64,0,2
1,65,0,2
1,66,0,2
1,67,0,2
1,68,0,2
1,69,0,2
1,70,0,2
1,71,0,2
1,72,0,2
1,73,0,2
1,74,0,2
1,75,0,2
1,76,0,2
1,77,0,2
1,78,0,2
1,79,0,2
1,80,0,2
1,81,0,2
1,82,0,2
1,83,0,2
1,84,0,2
1,85,0,2
1,86,0,2
1,87,0,2
1,88,0,2
1,89,0,2
1,90,0,2
1,91,0,2
1,92,0,2
1,93,0,2
1,94,0,2
1,95,0,2
1,96,0,2
1,97,0,2
1,98,0,2
1,99,0,2
2,0,0,2
2,1,0,2
2,2,0,2
2,3,0,2
2,4,0,2
2,5,0,2
2,6,0,2
2,7,0,2
2,8,0,2
2,9,0,2
2,10,0,2
2,11,0,2
2,12,0,2
2,13,0,2
2,14,0,2
2,15,0,2
2,16,0,2
2,17,0,2
2,18,0,2
2,19,0,2
2,20,0,2
2,21,0,2
2,22,0,2
2,23,0,2
2,24,0,2
2,25,0,2
2,26,0,2
2,27,0,2
2,28,0,2
2,29,0,2
2,30,0,2
2,31,0,2
2,32,0,2
2,33,0,2
2,34,0,2
2,35,0,2
2,36,0,2
2,37,0,2
2,38,0,2
2,39,0,2
2,40,0,2
2,41,0,2
2,42,0,2
2,43,0,2
2,44,0,2
2,45,0,2
2,46,0,2
2,47,0,2
2,48,0,2
2,49,0,2
2,50,0,2
2,51,0,2
2,52,0,2
2,53,0,2
2,54,1,0
2,55,0,2
2,56,0,2
2,57,0,2
2,58,0,2
2,59,0,2
2,60,0,2
2,61,0,2
2,62,0,2
2,63,0,2
2,64,0,2
2,65,0,2
2,66,0,2
2,67,0,2
2,68,0,2
2,69,0,2
2,70,0,2
2,71,0,2
2,72,0,2
2,73,0,2
2,74,0,2
2,75,0,2
2,76,0,2
2,77,0,2
2,78,0,2
2,79,0,2
2,80,0,2
2,81,0,2
2,82,0,2
2,83,0,2
2,84,0,2
2,85,0,2
2,86,0,2
2,87,0,2
2,88,0,2
2,89,0,2
2,90,0,2
2,91,0,2
2,92,0,2
2,93,0,2
2,94,0,2
2,95,0,2
2,96,0,2
2,97,0,2
2,98,0,2
2,99,0,2
3,0,0,2
3,1,0,2
3,2,0,2
3,3,0,2
3,4,0,2
3,5,0,2
3,6,0,2
3,7,0,2
3,8,0,2
3,9,0,2
3,10,0,2
3,11,0,2
3,12,0,2
3,13,0,2
3,14,0,2
3,15,0,2
3,16,0,2
3,17,0,2
3,18,0,2
3,19,0,2
3,20,0,2
3,21,0,2
3,22,0,2
3,23,0,2
3,24,0,2
3,25,0,2
3,26,0,2
3,27,0,2
3,28,0,2
3,29,0,2
3,30,0,2
3,31,0,2
3,32,0,2
3,33,0,2
3,34,0,2
3,35,0,2
3,36,0,2
3,37,0,2
3,38,0,2
3,39,0,2
3,40,0,2
3,41,0,2
3,42,0,2
3,43,0,2
3,44,0,2
3,45,0,2
3,46,0,2
3,47,0,2
3,48,0,2
3,49,0,2
3,50,0,2
3,51,0,2
3,52,0,2
3,53,0,2
3,54,0,2
3,55,0,2
3,56,0,2
3,57,0,2
3,58,0,2
3,59,0,2
3,60,0,2
3,61,0,2
3,62,0,2
3,63,0,2
3,64,0,2
3,65,0,2
3,66,0,2
3,67,0,2
3,68,0,2
3,69,0,2
3,70,0,2
3,71,0,2
3,72,0,2
3,73,0,2
3,74,0,2
3,75,0,2
3,76,0,2
3,77,0,2
3,78,0,2
3,79,0,2
3,80,0,2
3,81,0,2
3,82,0,2
3,83,0,2
3,84,0,2
3,85,0,2
3,86,0,2
3,87,0,2
3,88,0,2
3,89,0,2
3,90,0,2
3,91,0,2
3,92,0,2
3,93,0,2
3,94,0,2
3,95,0,2
3,96,1,5
3,97,1,0
3,98,1,0
3,99,0,2
4,0,0,2
4,1,0,2
4,2,0,2
4,3,0,2
4,4,0,2
4,5,0,2
4,6,0,2
4,7,0,2
4,8,0,2
4,9,0,2
4,10,0,2
4,11,1,0
4,12,0,2
4,13,0,2
4,14,0,2
4,15,0,2
4,16,0,2
4,17,0,2
4,18,0,2
4,19,0,2
4,20,0,2
4,21,0,2
4,22,0,2
4,23,0,2
4,24,0,2
4,25,0,2
4,26,0,2
4,27,0,2
4,28,0,2
4,29,0,2
4,30,0,2
4,31,1,5
4,32,1,0
4,33,1,0
4,34,1,5
4,35,1,0
4,36,1,0
4,37,1,0
4,38,0,2
4,39,0,2
4,40,0,2
4,41,0,2
4,42,0,2
4,43,0,2
4,44,0,2
4,45,0,2
4,46,0,2
4,47,0,2
4,48,0,2
4,49,0,2
4,50,0,2
4,51,0,2
4,52,0,2
4,53,0,2
4,54,0,2
4,55,0,2
4,56,0,2
4,57,0,2
4,58,0,2
4,59,0,2
4,60,0,2
4,61,0,2
4,62,0,2
4,63,0,2
4,64,0,2
4,65,0,2
4,66,0,2
4,67,0,2
4,68,0,2
4,69,0,2
4,70,0,2
4,71,0,2
4,72,0,2
4,73,0,2
4,74,0,2
4,75,0,2
4,76,0,2
4,77,0,2
4,78,0,2
4,79,0,2
4,80,0,2
4,81,0,2
4,82,0,2
4,83,0,2
4,84,0,2
4,85,0,2
4,86,0,2
4,87,0,2
4,88,1,0
4,89,1,0
4,90,0,2
4,91,0,2
4,92,0,2
4,93,0,2
4,94,0,2
4,95,0,2
4,96,0,2
4,97,0,2
4,98,0,2
4,99,0,2
5,0,0,2
5,1,0,2
5,2,0,2
5,3,0,2
5,4,0,2
5,5,0,2
5,6,0,2
5,7,0,2
5,8,0,2
5,9,0,2
5,10,0,2
5,11,0,2
5,12,0,2
5,13,0,2
5,14,0,2
5,15,0,2
5,16,0,2
5,17,0,2
5,18,0,2
5,19,0,2
5,20,0,2
5,21,0,2
5,22,0,2
5,23,0,2
5,24,0,2
5,25,0,2
5,26,0,2
5,27,0,2
5,28,0,2
5,29,0,2
5,30,0,2
5,31,0,2
5,32,0,2
5,33,0,2
5,34,0,2
5,35,0,2
5,36,0,2
5,37,0,2
5,38,0,2
5,39,0,2
5,40,0,2
5,41,0,2
5,42,0,2
5,43,0,2
5,44,0,2
5,45,0,2
5,46,0,2
5,47,0,2
5,48,0,2
5,49,0,2
5,50,0,2
5,51,0,2
5,52,0,2
5,53,0,2
5,54,0,2
5,55,0,2
5,56,0,2
5,57,0,2
5,58,0,2
5,59,0,2
5,60,0,2
5,61,0,2
5,62,0,2
5,63,0,2
5,64,0,2
5,65,0,2
5,66,0,2
5,67,0,2
5,68,0,2
5,69,1,0
5,70,1,0
5,71,1,0
5,72,0,2
5,73,0,2
5,74,0,2
5,75,0,2
5,76,0,2
5,77,0,2
5,78,0,2
5,79,0,2
5,80,0,2
5,81,0,2
5,82,0,2
5,83,0,2
5,84,0,2
5,85,0,2
5,86,0,2
5,87,0,2
5,88,0,2
5,89,0,2
5,90,0,2
5,91,0,2
5,92,0,2
5,93,0,2
5,94,0,2
5,95,0,2
5,96,0,2
5,97,0,2
5,98,0,2
5,99,0,2
6,0,0,2
6,1,0,2
6,2,0,2
6,3,0,2
6,4,0,2
6,5,0,2
6,6,0,2
6,7,0,2
6,8,0,2
6,9,0,2
6,10,0,2
6,11,0,2
6,12,0,2
6,13,0,2
6,14,0,2
6,15,0,2
6,16,0,2
6,17,0,2
6,18,0,2
6,19,0,2
6,20,0,2
6,21,0,2
6,22,0,2
6,23,0,2
6,24,0,2
6,25,0,2
6,26,0,2
6,27,0,2
6,28,0,2
6,29,0,2
6,30,0,2
6,31,0,2
6,32,0,2
6,33,0,2
6,34,0,2
6,35,0,2
6,36,0,2
6,37,0,2
6,38,0,2
6,39,0,2
6,40,0,2
6,41,0,2
6,42,0,2
6,43,0,2
6,44,0,2
6,45,0,2
6,46,0,2
6,47,0,2
6,48,0,2
6,49,0,2
6,50,0,2
6,51,0,2
6,52,0,2
6,53,0,2
6,54,0,2
6,55,0,2
6,56,0,2
6,57,0,2
6,58,0,2
6,59,0,2
6,60,0,2
6,61,0,2
6,62,0,2
6,63,0,2
6,64,0,2
6,65,0,2
6,66,0,2
6,67,0,2
6,68,0,2
6,69,0,2
6,70,0,2
6,71,0,2
6,72,0,2
6,73,0,2
6,74,0,2
6,75,0,2
6,76,0,2
6,77,0,2
6,78,0,2
6,79,0,2
6,80,0,2
6,81,0,2
6,82,0,2
6,83,0,2
6,84,0,2
6,85,0,2
6,86,0,2
6,87,0,2
6,88,0,2
6,89,0,2
6,90,0,2
6,91,0,2
6,92,0,2
6,93,0,2
6,94,0,2
6,95,0,2
6,96,0,2
6,97,0,2
6,98,0,2
6,99,0,2
7,0,0,2
7,1,0,2
7,2,0,2
7,3,0,2
7,4,0,2
7,5,0,2
7,6,0,2
7,7,0,2
7,8,0,2
7,9,0,2
7,10,0,2
7,11,1,0
7,12,0,2
7,13,0,2
7,14,0,2
7,15,0,2
7,16,0,2
7,17,0,2
7,18,0,2
7,19,0,2
7,20,0,2
7,21,0,2
7,22,0,2
7,23,0,2
7,24,0,2
7,25,0,2
7,26,0,2
7,27,0,2
7,28,0,2
7,29,0,2
7,30,0,2
7,31,0,2
7,32,0,2
7,33,0,2
7,34,0,2
7,35,0,2
7,36,0,2
7,37,0,2
7,38,0,2
7,39,0,2
7,40,0,2
7,41,0,2
7,42,0,2
7,43,0,2
7,44,0,2
7,45,0,2
7,46,0,2
7,47,0,2
7,48,0,2
7,49,0,2
7,50,0,2
7,51,0,2
7,52,0,2
7,53,0,2
7,54,0,2
7,55,0,2
7,56,0,2
7,57,0,2
7,58,0,2
7,59,0,2
7,60,0,2
7,61,0,2
7,62,0,2
7,63,0,2
7,64,0,2
7,65,0,2
7,66,0,2
7,67,0,2
7,68,0,2
7,69,0,2
7,70,0,2
7,71,0,2
7,72,0,2
7,73,0,2
7,74,0,2
7,75,0,2
7,76,0,2
7,77,0,2
7,78,0,2
7,79,0,2
7,80,0,2
7,81,0,2
7,82,0,2
7,83,0,2
7,84,0,2
7,85,0,2
7,86,0,2
7,87,0,2
7,88,0,2
7,89,0,2
7,90,0,2
7,91,0,2
7,92,0,2
7,93,0,2
7,94,0,2
7,95,0,2
7,96,0,2
7,97,0,2
7,98,0,2
7,99,0,2
8,0,0,2
8,1,0,2
8,2,0,2
8,3,0,2
8,4,0,2
8,5,0,2
8,6,0,2
8,7,0,2
8,8,0,2
8,9,0,2
8,10,0,2
8,11,0,2
8,12,0,2
8,13,0,2
8,14,0,2
8,15,0,2
8,16,0,2
8,17,0,2
8,18,0,2
8,19,0,2
8,20,0,2
8,21,0,2
8,22,0,2
8,23,0,2
8,24,0,2
8,25,0,2
8,26,0,2
8,27,0,2
8,28,0,2
8,29,0,2
8,30,0,2
8,31,0,2
8,32,0,2
8,33,0,2
8,34,0,2
8,35,0,2
8,36,0,2
8,37,0,2
8,38,0,2
8,39,0,2
8,40,0,2
8,41,0,2
8,42,0,2
8,43,0,2
8,44,0,2
8,45,0,2
8,46,0,2
8,47,0,2
8,48,0,2
8,49,0,2
8,50,0,2
8,51,0,2
8,52,0,2
8,53,0,2
8,54,0,2
8,55,0,2
8,56,0,2
8,57,0,2
8,58,0,2
8,59,0,2
8,60,0,2
8,61,0,2
8,62,0,2
8,63,0,2
8,64,0,2
8,65,0,2
8,66,0,2
8,67,0,2
8,68,0,2
8,69,0,2
8,70,0,2
8,71,0,2
8,72,0,2
8,73,0,2
8,74,1,0
8,75,1,0
8,76,0,2
8,77,0,2
8,78,0,2
8,79,0,2
8,80,0,2
8,81,0,2
8,82,0,2
8,83,0,2
8,84,0,2
8,85,0,2
8,86,0,2
8,87,0,2
8,88,0,2
8,89,0,2
8,90,0,2
8,91,0,2
8,92,0,2
8,93,0,2
8,94,0,2
8,95,0,2
8,96,0,2
8,97,0,2
8,98,0,2
8,99,0,2
9,0,0,2
9,1,0,2
9,2,0,2
9,3,0,2
9,4,0,2
9,5,0,2
9,6,0,2
9,7,0,2
9,8,0,2
9,9,0,2
9,10,0,2
9,11,0,2
9,12,0,2
9,13,0,2
9,14,0,2
9,15,0,2
9,16,0,2
9,17,1,0
9,18,1,0
9,19,0,2
9,20,0,2
9,21,1,0
9,22,0,2
9,23,0,2
9,24,0,2
9,25,0,2
9,26,0,2
9,27,0,2
9,28,0,2
9,29,0,2
9,30,0,2
9,31,0,2
9,32,0,2
9,33,0,2
9,34,0,2
9,35,0,2
9,36,0,2
9,37,0,2
9,38,0,2
9,39,0,2
9,40,0,2
9,41,0,2
9,42,0,2
9,43,0,2
9,44,0,2
9,45,0,2
9,46,0,2
9,47,0,2
9,48,0,2
9,49,0,2
9,50,0,2
9,51,1,5
9,52,1,5
9,53,1,0
9,54,1,0
9,55,0,2
9,56,0,2
9,57,0,2
9,58,0,2
9,59,0,2
9,60,0,2
9,61,0,2
9,62,0,2
9,63,0,2
9,64,0,2
9,65,0,2
9,66,0,2
9,67,0,2
9,68,0,2
9,69,0,2
9,70,0,2
9,71,0,2
9,72,0,2
9,73,0,2
9,74,0,2
9,75,0,2
9,76,0,2
9,77,0,2
9,78,1,5
9,79,1,0
9,80,1,0
9,81,1,0
9,82,0,2
9,83,0,2
9,84,0,2
9,85,0,2
9,86,0,2
9,87,0,2
9,88,0,2
9,89,0,2
9,90,0,2
9,91,0,2
9,92,0,2
9,93,0,2
9,94,0,2
9,95,0,2
9,96,0,2
9,97,0,2
9,98,0,2
9,99,0,2
10,0,0,2
10,1,0,2
10,2,0,2
10,3,0,2
10,4,0,2
10,5,0,2
10,6,0,2
10,7,0,2
10,8,0,2
10,9,0,2
10,10,0,2
10,11,1,0
10,12,0,2
10,13,0,2
10,14,0,2
10,15,0,2
10,16,0,2
10,17,0,2
10,18,0,2
10,19,0,2
10,20,0,2
10,21,0,2
10,22,0,2
10,23,0,2
10,24,0,2
10,25,0,2
10,26,0,2
10,27,0,2
10,28,0,2
10,29,0,2
10,30,0,2
10,31,0,2
10,32,0,2
10,33,0,2
10,34,0,2
10,35,0,2
10,36,0,2
10,37,0,2
10,38,0,2
10,39,0,2
10,40,0,2
10,41,0,2
10,42,0,2
10,43,0,2
10,44,0,2
10,45,0,2
10,46,0,2
10,47,0,2
10,48,0,2
10,49,0,2
10,50,0,2
10,51,0,2
10,52,0,2
10,53,0,2
10,54,0,2
10,55,0,2
10,56,0,2
10,57,0,2
10,58,0,2
10,59,0,2
10,60,0,2
10,61,0,2
10,62,0,2
10,63,0,2
10,64,0,2
10,65,0,2
10,66,0,2
10,67,0,2
10,68,0,2
10,69,0,2
10,70,0,2
10,71,0,2
10,72,0,2
10,73,0,2
10,74,0,2
10,75,0,2
10,76,0,2
10,77,0,2
10,78,0,2
10,79,0,2
10,80,0,2
10,81,0,2
10,82,0,2
10,83,0,2
10,84,0,2
10,85,0,2
10,86,0,2
10,87,0,2
10,88,0,2
10,89,0,2
10,90,0,2
10,91,0,2
10,92,0,2
10,93,0,2
10,94,0,2
10,95,0,2
10,96,0,2
10,97,0,2
10,98,0,2
10,99,0,2
11,0,0,2
11,1,0,2
11,2,0,2
11,3,0,2
11,4,0,2
11,5,0,2
11,6,0,2
11,7,0,2
11,8,0,2
11,9,1,0
11,10,0,2
11,11,0,2
11,12,0,2
11,13,0,2
11,14,0,2
11,15,0,2
11,16,0,2
11,17,0,2
11,18,0,2
11,19,0,2
11,20,0,2
11,21,0,2
11,22,0,2
11,23,0,2
11,24,0,2
11,25,0,2
11,26,0,2
11,27,0,2
11,28,0,2
11,29,0,2
11,30,0,2
11,31,0,2
11,32,0,2
11,33,0,2
11,34,0,2
11,35,0,2
11,36,0,2
11,37,0,2
11,38,0,2
11,39,0,2
11,40,0,2
11,41,0,2
11,42,0,2
11,43,0,2
11,44,0,2
11,45,0,2
11,46,0,2
11,47,0,2
11,48,0,2
11,49,0,2
11,50,0,2
11,51,0,2
11,52,0,2
11,53,0,2
11,54,0,2
11,55,0,2
11,56,0,2
11,57,0,2
11,58,0,2
11,59,0,2
11,60,0,2
11,61,0,2
11,62,0,2
11,63,0,2
11,64,0,2
11,65,0,2
11,66,0,2
11,67,0,2
11,68,0,2
11,69,0,2
11,70,0,2
11,71,0,2
11,72,0,2
11,73,0,2
11,74,0,2
11,75,0,2
11,76,0,2
11,77,0,2
11,78,0,2
11,79,0,2
11,80,0,2
11,81,0,2
11,82,0,2
11,83,0,2
11,84,0,2
11,85,0,2
11,86,0,2
11,87,0,2
11,88,0,2
11,89,0,2
11,90,0,2
11,91,0,2
11,92,0,2
11,93,0,2
11,94,0,2
11,95,0,2
11,96,0,2
11,97,0,2
11,98,0,2
11,99,0,2
12,0,0,2
12,1,0,2
12,2,0,2
12,3,0,2
12,4,0,2
12,5,0,2
12,6,0,2
12,7,0,2
12,8,0,2
12,9,0,2
12,10,0,2
12,11,0,2
12,12,0,2
12,13,0,2
12,14,0,2
12,15,0,2
12,16,0,2
12,17,0,2
12,18,0,2
12,19,0,2
12,20,0,2
12,21,0,2
12,22,0,2
12,23,0,2
12,24,0,2
12,25,0,2
12,26,0,2
12,27,0,2
12,28,0,2
12,29,0,2
12,30,0,2
12,31,0,2
12,32,0,2
12,33,0,2
12,34,0,2
12,35,0,2
12,36,0,2
12,37,0,2
12,38,0,2
12,39,0,2
12,40,0,2
12,41,0,2
12,42,0,2
12,43,0,2
12,44,1,0
12,45,1,0
12,46,1,5
12,47,1,0
12,48,1,0
12,49,0,2
12,50,0,2
12,51,0,2
12,52,0,2
12,53,0,2
12,54,0,2
12,55,0,2
12,56,0,2
12,57,0,2
12,58,0,2
12,59,0,2
12,60,0,2
12,61,0,2
12,62,0,2
12,63,0,2
12,64,1,5
12,65,1,0
12,66,1,0
12,67,0,2
12,68,0,2
12,69,0,2
12,70,0,2
12,71,0,2
12,72,0,2
12,73,0,2
12,74,0,2
12,75,0,2
12,76,0,2
12,77,0,2
12,78,0,2
12,79,0,2
12,80,0,2
12,81,0,2
12,82,0,2
12,83,0,2
12,84,0,2
12,85,0,2
12,86,0,2
12,87,0,2
12,88,0,2
12,89,0,2
12,90,0,2
12,91,0,2
12,92,0,2
12,93,0,2
12,94,0,2
12,95,0,2
12,96,0,2
12,97,0,2
12,98,0,2
12,99,0,2
13,0,0,2
13,1,0,2
13,2,0,2
13,3,0,2
13,4,0,2
13,5,0,2
13,6,0,2
13,7,0,2
13,8,0,2
13,9,0,2
13,10,0,2
13,11,0,2
13,12,0,2
13,13,0,2
13,14,0,2
13,15,0,2
13,16,0,2
13,17,0,2
13,18,0,2
13,19,0,2
13,20,0,2
13,21,0,2
13,22,0,2
13,23,0,2
13,24,0,2
13,25,0,2
13,26,0,2
13,27,0,2
13,28,0,2
13,29,0,2
13,30,0,2
13,31,0,2
13,32,0,2
13,33,0,2
13,34,0,2
13,35,0,2
13,36,0,2
13,37,1,0
13,38,0,2
13,39,0,2
13,40,0,2
13,41,0,2
13,42,0,2
13,43,0,2
13,44,0,2
13,45,0,2
13,46,0,2
13,47,0,2
13,48,0,2
13,49,0,2
13,50,0,2
13,51,0,2
13,52,0,2
13,53,0,2
13,54,0,2
13,55,0,2
13,56,0,2
13,57,0,2
13,58,0,2
13,59,0,2
13,60,0,2
13,61,0,2
13,62,0,2
13,63,0,2
13,64,0,2
13,65,0,2
13,66,0,2
13,67,0,2
13,68,0,2
13,69,0,2
13,70,0,2
13,71,0,2
13,72,0,2
13,73,0,2
13,74,0,2
13,75,0,2
13,76,0,2
13,77,0,2
13,78,0,2
13,79,0,2
13,80,0,2
13,81,0,2
13,82,0,2
13,83,0,2
13,84,0,2
13,85,0,2
13,86,0,2
13,87,0,2
13,88,0,2
13,89,0,2
13,90,0,2
13,91,0,2
13,92,0,2
13,93,0,2
13,94,0,2
13,95,0,2
13,96,0,2
13,97,0,2
13,98,0,2
13,99,0,2
14,0,1,0
14,1,1,5
14,2,1,0
14,3,1,0
14,4,0,2
14,5,0,2
14,6,0,2
14,7,0,2
14,8,0,2
14,9,0,2
14,10,0,2
14,11,0,2
14,12,0,2
14,13,0,2
14,14,0,2
14,15,0,2
14,16,0,2
14,17,0,2
14,18,0,2
14,19,0,2
14,20,0,2
14,21,0,2
14,22,0,2
14,23,0,2
14,24,0,2
14,25,0,2
14,26,0,2
14,27,0,2
14,28,0,2
14,29,0,2
14,30,0,2
14,31,0,2
14,32,0,2
14,33,0,2
14,34,0,2
14,35,0,2
14,36,0,2
14,37,0,2
14,38,0,2
14,39,0,2
14,40,0,2
14,41,0,2
14,42,0,2
14,43,0,2
14,44,0,2
14,45,0,2
14,46,0,2
14,47,0,2
14,48,0,2
14,49,0,2
14,50,0,2
14,51,0,2
14,52,0,2
14,53,0,2
14,54,0,2
14,55,0,2
14,56,0,2
14,57,0,2
14,58,0,2
14,59,0,2
14,60,0,2
14,61,0,2
14,62,0,2
14,63,0,2
14,64,0,2
14,65,0,2
14,66,0,2
14,67,0,2
14,68,0,2
14,69,0,2
14,70,0,2
14,71,0,2
14,72,0,2
14,73,0,2
14,74,0,2
14,75,0,2
14,76,0,2
14,77,0,2
14,78,0,2
14,79,0,2
14,80,0,2
14,81,0,2
14,82,0,2
14,83,0,2
14,84,0,2
14,85,0,2
14,86,0,2
14,87,0,2
14,88,0,2
14,89,0,2
14,90,0,2
14,91,0,2
14,92,0,2
14,93,0,2
14,94,0,2
14,95,0,2
14,96,0,2
14,97,1,0
14,98,0,2
14,99,0,2
15,0,0,2
15,1,0,2
15,2,0,2
15,3,0,2
15,4,0,2
15,5,0,2
15,6,0,2
15,7,0,2
15,8,0,2
15,9,0,2
15,10,0,2
15,11,0,2
15,12,0,2
15,13,0,2
15,14,0,2
15,15,0,2
15,16,0,2
15,17,0,2
15,18,0,2
15,19,0,2
15,20,0,2
15,21,0,2
15,22,0,2
15,23,0,2
15,24,0,2
15,25,0,2
15,26,0,2
15,27,0,2
15,28,0,2
15,29,0,2
15,30,0,2
15,31,0,2
15,32,0,2
15,33,0,2
15,34,0,2
15,35,0,2
15,36,1,0
15,37,0,2
15,38,0,2
15,39,0,2
15,40,0,2
15,41,0,2
15,42,0,2
15,43,0,2
15,44,0,2
15,45,0,2
15,46,0,2
15,47,0,2
15,48,0,2
15,49,0,2
15,50,0,2
15,51,0,2
15,52,0,2
15,53,0,2
15,54,0,2
15,55,0,2
15,56,0,2
15,57,0,2
15,58,0,2
15,59,0,2
15,60,0,2
15,61,0,2
15,62,0,2
15,63,0,2
15,64,0,2
15,65,0,2
15,66,0,2
15,67,0,2
15,68,0,2
15,69,0,2
15,70,0,2
15,71,0,2
15,72,0,2
15,73,0,2
15,74,0,2
15,75,0,2
15,76,0,2
15,77,0,2
15,78,0,2
15,79,0,2
15,80,0,2
15,81,0,2
15,82,0,2
15,83,0,2
15,84,1,0
15,85,0,2
15,86,0,2
15,87,0,2
15,88,0,2
15,89,0,2
15,90,0,2
15,91,0,2
15,92,0,2
15,93,0,2
15,94,0,2
15,95,0,2
15,96,0,2
15,97,0,2
15,98,0,2
15,99,0,2
16,0,0,2
16,1,0,2
16,2,0,2
16,3,0,2
16,4,0,2
16,5,0,2
16,6,0,2
16,7,0,2
16,8,0,2
16,9,0,2
16,10,0,2
16,11,0,2
16,12,0,2
16,13,0,2
16,14,0,2
16,15,0,2
16,16,0,2
16,17,0,2
16,18,0,2
16,19,0,2
16,20,0,2
16,21,0,2
16,22,0,2
16,23,0,2
16,24,0,2
16,25,0,2
16,26,0,2
16,27,0,2
16,28,0,2
16,29,0,2
16,30,0,2
16,31,0,2
16,32,0,2
16,33,0,2
16,34,0,2
16,35,0,2
16,36,0,2
16,37,0,2
16,38,0,2
16,39,0,2
16,40,0,2
16,41,0,2
16,42,0,2
16,43,0,2
16,44,0,2
16,45,0,2
16,46,0,2
16,47,0,2
16,48,0,2
16,49,0,2
16,50,0,2
16,51,0,2
16,52,0,2
16,53,0,2
16,54,0,2
16,55,0,2
16,56,0,2
16,57,0,2
16,58,0,2
16,59,0,2
16,60,1,0
16,61,1,0
16,62,0,2
16,63,0,2
16,64,0,2
16,65,0,2
16,66,0,2
16,67,0,2
16,68,0,2
16,69,0,2
16,70,0,2
16,71,0,2
16,72,0,2
16,73,0,2
16,74,0,2
16,75,0,2
16,76,0,2
16,77,0,2
16,78,0,2
16,79,0,2
16,80,1,0
16,81,0,2
16,82,0,2
16,83,0,2
16,84,0,2
16,85,0,2
16,86,0,2
16,87,0,2
16,88,0,2
16,89,0,2
16,90,0,2
16,91,0,2
16,92,0,2
16,93,0,2
16,94,0,2
16,95,0,2
16,96,0,2
16,97,0,2
16,98,0,2
16,99,0,2
17,0,0,2
17,1,0,2
17,2,0,2
17,3,0,2
17,4,0,2
17,5,0,2
17,6,0,2
17,7,0,2
17,8,0,2
17,9,0,2
17,10,0,2
17,11,0,2
17,12,0,2
17,13,0,2
17,14,0,2
17,15,0,2
17,16,0,2
17,17,0,2
17,18,1,0
17,19,1,0
17,20,0,2
17,21,0,2
17,22,0,2
17,23,0,2
17,24,0,2
17,25,0,2
17,26,0,2
17,27,0,2
17,28,0,2
17,29,0,2
17,30,0,2
17,31,0,2
17,32,0,2
17,33,0,2
17,34,0,2
17,35,0,2
17,36,0,2
17,37,0,2
17,38,0,2
17,39,0,2
17,40,0,2
17,41,0,2
17,42,0,2
17,43,0,2
17,44,0,2
17,45,0,2
17,46,0,2
17,47,0,2
17,48,0,2
17,49,0,2
17,50,0,2
17,51,0,2
17,52,0,2
17,53,0,2
17,54,0,2
17,55,1,0
17,56,1,0
17,57,1,0
17,58,1,5
17,59,1,5
17,60,1,0
17,61,1,0
17,62,1,5
17,63,1,5
17,64,1,0
17,65,1,0
17,66,1,5
17,67,1,5
17,68,1,0
17,69,0,2
17,70,0,2
17,71,0,2
17,72,0,2
17,73,0,2
17,74,0,2
17,75,0,2
17,76,0,2
17,77,0,2
17,78,0,2
17,79,0,2
17,80,0,2
17,81,0,2
17,82,0,2
17,83,0,2
17,84,0,2
17,85,0,2
17,86,0,2
17,87,0,2
17,88,0,2
17,89,0,2
17,90,0,2
17,91,0,2
17,92,0,2
17,93,0,2
17,94,0,2
17,95,0,2
17,96,0,2
17,97,0,2
17,98,0,2
17,99,0,2
18,0,0,2
18,1,0,2
18,2,0,2
18,3,0,2
18,4,1,5
18,5,1,0
18,6,1,0
18,7,1,0
18,8,1,5
18,9,1,0
18,10,0,2
18,11,0,2
18,12,0,2
18,13,0,2
18,14,0,2
18,15,0,2
18,16,0,2
18,17,0,2
18,18,0,2
18,19,0,2
18,20,0,2
18,21,0,2
18,22,0,2
18,23,0,2
18,24,0,2
18,25,0,2
18,26,0,2
18,27,0,2
18,28,0,2
18,29,0,2
18,30,0,2
18,31,0,2
18,32,0,2
18,33,0,2
18,34,0,2
18,35,0,2
18,36,0,2
18,37,0,2
18,38,0,2
18,39,0,2
18,40,0,2
18,41,0,2
18,42,0,2
18,43,0,2
18,44,0,2
18,45,0,2
18,46,0,2
18,47,0,2
18,48,0,2
18,49,0,2
18,50,0,2
18,51,0,2
18,52,0,2
18,53,0,2
18,54,0,2
18,55,0,2
18,56,0,2
18,57,0,2
18,58,0,2
18,59,0,2
18,60,0,2
18,61,0,2
18,62,0,2
18,63,0,2
18,64,0,2
18,65,0,2
18,66,0,2
18,67,0,2
18,68,0,2
18,69,0,2
18,70,0,2
18,71,0,2
18,72,0,2
18,73,0,2
18,74,0,2
18,75,0,2
18,76,0,2
18,77,0,2
18,78,0,2
18,79,0,2
18,80,0,2
18,81,0,2
18,82,0,2
18,83,0,2
18,84,0,2
18,85,0,2
18,86,0,2
18,87,0,2
18,88,0,2
18,89,0,2
18,90,0,2
18,91,0,2
18,92,0,2
18,93,0,2
18,94,0,2
18,95,0,2
18,96,0,2
18,97,0,2
18,98,0,2
18,99,0,2
19,0,0,2
19,1,0,2
19,2,0,2
19,3,0,2
19,4,0,2
19,5,0,2
19,6,0,2
19,7,0,2
19,8,0,2
19,9,0,2
19,10,0,2
19,11,0,2
19,12,0,2
19,13,0,2
19,14,0,2
19,15,0,2
19,16,1,5
19,17,1,0
19,18,1,5
19,19,1,0
19,20,1,0
19,21,1,0
19,22,0,2
19,23,0,2
19,24,0,2
19,25,0,2
19,26,0,2
19,27,0,2
19,28,0,2
19,29,0,2
19,30,0,2
19,31,0,2
19,32,0,2
19,33,0,2
19,34,0,2
19,35,0,2
19,36,0,2
19,37,0,2
19,38,0,2
19,39,0,2
19,40,0,2
19,41,0,2
19,42,0,2
19,43,0,2
19,44,0,2
19,45,0,2
19,46,0,2
19,47,0,2
19,48,0,2
19,49,0,2
19,50,0,2
19,51,0,2
19,52,0,2
19,53,0,2
19,54,0,2
19,55,0,2
19,56,0,2
19,57,0,2
19,58,0,2
19,59,0,2
19,60,0,2
19,61,0,2
19,62,0,2
19,63,0,2
19,64,0,2
19,65,0,2
19,66,0,2
19,67,0,2
19,68,0,2
19,69,0,2
19,70,0,2
19,71,0,2
19,72,0,2
19,73,0,2
19,74,0,2
19,75,0,2
19,76,0,2
19,77,0,2
19,78,0,2
19,79,0,2
19,80,0,2
19,81,0,2
19,82,0,2
19,83,0,2
19,84,0,2
19,85,0,2
19,86,0,2
19,87,0,2
19,88,0,2
19,89,0,2
19,90,0,2
19,91,0,2
19,92,0,2
19,93,0,2
19,94,0,2
19,95,0,2
19,96,0,2
19,97,0,2
19,98,1,0
19,99,0,2
20,0,0,2
20,1,1,0
20,2,1,0
20,3,1,0
20,4,1,5
20,5,1,0
20,6,1,0
20,7,0,2
20,8,0,2
20,9,0,2
20,10,0,2
20,11,0,2
20,12,0,2
20,13,0,2
20,14,0,2
20,15,0,2
20,16,0,2
20,17,0,2
20,18,0,2
20,19,0,2
20,20,0,2
20,21,0,2
20,22,0,2
20,23,0,2
20,24,0,2
20,25,0,2
20,26,0,2
20,27,0,2
20,28,0,2
20,29,1,5
20,30,1,0
20,31,1,0
20,32,1,0
20,33,1,5
20,34,1,0
20,35,0,2
20,36,0,2
20,37,0,2
20,38,0,2
20,39,0,2
20,40,0,2
20,41,0,2
20,42,0,2
20,43,0,2
20,44,0,2
20,45,0,2
20,46,0,2
20,47,0,2
20,48,0,2
20,49,0,2
20,50,0,2
20,51,0,2
20,52,0,2
20,53,0,2
20,54,0,2
20,55,0,2
20,56,0,2
20,57,0,2
20,58,0,2
20,59,0,2
20,60,0,2
20,61,0,2
20,62,0,2
20,63,0,2
20,64,0,2
20,65,0,2
20,66,0,2
20,67,0,2
20,68,0,2
20,69,0,2
20,70,1,5
20,71,1,5
20,72,1,0
20,73,0,2
20,74,0,2
20,75,0,2
20,76,0,2
20,77,0,2
20,78,0,2
20,79,0,2
20,80,0,2
20,81,0,2
20,82,0,2
20,83,0,2
20,84,0,2
20,85,0,2
20,86,0,2
20,87,0,2
20,88,0,2
20,89,0,2
20,90,1,0
20,91,1,0
20,92,0,2
20,93,0,2
20,94,0,2
20,95,0,2
20,96,0,2
20,97,0,2
20,98,0,2
20,99,0,2
21,0,0,2
21,1,0,2
21,2,0,2
21,3,0,2
21,4,0,2
21,5,0,2
21,6,0,2
21,7,0,2
21,8,0,2
21,9,0,2
21,10,0,2
21,11,0,2
21,12,0,2
21,13,0,2
21,14,0,2
21,15,0,2
21,16,0,2
21,17,0,2
21,18,0,2
21,19,0,2
21,20,0,2
21,21,0,2
21,22,0,2
21,23,0,2
21,24,0,2
21,25,0,2
21,26,0,2
21,27,0,2
21,28,0,2
21,29,0,2
21,30,0,2
21,31,0,2
21,32,0,2
21,33,0,2
21,34,0,2
21,35,0,2
21,36,0,2
21,37,0,2
21,38,0,2
21,39,0,2
21,40,0,2
21,41,1,0
21,42,1,0
21,43,1,5
21,44,1,0
21,45,0,2
21,46,0,2
21,47,0,2
21,48,0,2
21,49,0,2
21,50,0,2
21,51,0,2
21,52,0,2
21,53,0,2
21,54,0,2
21,55,0,2
21,56,0,2
21,57,0,2
21,58,0,2
21,59,0,2
21,60,0,2
21,61,0,2
21,62,0,2
21,63,0,2
21,64,0,2
21,65,0,2
21,66,0,2
21,67,0,2
21,68,0,2
21,69,0,2
21,70,0,2
21,71,0,2
21,72,0,2
21,73,0,2
21,74,0,2
21,75,0,2
21,76,0,2
21,77,0,2
21,78,0,2
21,79,0,2
21,80,0,2
21,81,0,2
21,82,0,2
21,83,0,2
21,84,0,2
21,85,0,2
21,86,0,2
21,87,0,2
21,88,0,2
21,89,0,2
21,90,0,2
21,91,0,2
21,92,0,2
21,93,0,2
21,94,0,2
21,95,0,2
21,96,0,2
21,97,0,2
21,98,0,2
21,99,0,2
22,0,0,2
22,1,0,2
22,2,0,2
22,3,0,2
22,4,0,2
22,5,0,2
22,6,0,2
22,7,0,2
22,8,0,2
22,9,0,2
22,10,0,2
22,11,0,2
22,12,0,2
22,13,0,2
22,14,0,2
22,15,0,2
22,16,0,2
22,17,0,2
22,18,0,2
22,19,0,2
22,20,0,2
22,21,0,2
22,22,0,2
22,23,0,2
22,24,0,2
22,25,0,2
22,26,0,2
22,27,0,2
22,28,0,2
22,29,0,2
22,30,0,2
22,31,0,2
22,32,0,2
22,33,0,2
22,34,0,2
22,35,0,2
22,36,0,2
22,37,0,2
22,38,0,2
22,39,0,2
22,40,0,2
22,41,0,2
22,42,1,5
22,43,1,0
22,44,1,0
22,45,0,2
22,46,0,2
22,47,0,2
22,48,0,2
22,49,0,2
22,50,0,2
22,51,0,2
22,52,0,2
22,53,0,2
22,54,0,2
22,55,0,2
22,56,0,2
22,57,0,2
22,58,0,2
22,59,0,2
22,60,0,2
22,61,0,2
22,62,0,2
22,63,0,2
22,64,0,2
22,65,0,2
22,66,0,2
22,67,0,2
22,68,0,2
22,69,0,2
22,70,0,2
22,71,0,2
22,72,0,2
22,73,0,2
22,74,0,2
22,75,0,2
22,76,0,2
22,77,0,2
22,78,0,2
22,79,0,2
22,80,0,2
22,81,0,2
22,82,0,2
22,83,0,2
22,84,0,2
22,85,0,2
22,86,0,2
22,87,0,2
22,88,0,2
22,89,0,2
22,90,0,2
22,91,0,2
22,92,0,2
22,93,0,2
22,94,0,2
22,95,0,2
22,96,0,2
22,97,0,2
22,98,0,2
22,99,0,2
23,0,0,2
23,1,0,2
23,2,0,2
23,3,0,2
23,4,0,2
23,5,0,2
23,6,0,2
23,7,0,2
23,8,0,2
23,9,0,2
23,10,0,2
23,11,0,2
23,12,0,2
23,13,1,0
23,14,1,0
23,15,1,0
23,16,1,5
23,17,1,0
23,18,1,5
23,19,1,0
23,20,1,5
23,21,1,0
23,22,1,0
23,23,1,5
23,24,1,0
23,25,1,0
23,26,1,5
23,27,1,5
23,28,1,0
23,29,0,2
23,30,0,2
23,31,0,2
23,32,0,2
23,33,0,2
23,34,0,2
23,35,0,2
23,36,1,0
23,37,1,0
23,38,1,0
23,39,0,2
23,40,0,2
23,41,0,2
23,42,0,2
23,43,0,2
23,44,0,2
23,45,1,0
23,46,0,2
23,47,0,2
23,48,0,2
23,49,0,2
23,50,0,2
23,51,0,2
23,52,0,2
23,53,0,2
23,54,0,2
23,55,0,2
23,56,0,2
23,57,0,2
23,58,0,2
23,59,0,2
23,60,0,2
23,61,0,2
23,62,1,0
23,63,1,0
23,64,0,2
23,65,0,2
23,66,0,2
23,67,0,2
23,68,0,2
23,69,0,2
23,70,0,2
23,71,0,2
23,72,0,2
23,73,0,2
23,74,0,2
23,75,0,2
23,76,0,2
23,77,0,2
23,78,0,2
23,79,0,2
23,80,0,2
23,81,0,2
23,82,0,2
23,83,0,2
23,84,0,2
23,85,0,2
23,86,0,2
23,87,0,2
23,88,0,2
23,89,0,2
23,90,0,2
23,91,0,2
23,92,0,2
23,93,0,2
23,94,0,2
23,95,0,2
23,96,0,2
23,97,0,2
23,98,0,2
23,99,0,2
24,0,0,2
24,1,0,2
24,2,0,2
24,3,0,2
24,4,0,2
24,5,0,2
24,6,0,2
24,7,0,2
24,8,0,2
24,9,0,2
24,10,0,2
24,11,0,2
24,12,0,2
24,13,0,2
24,14,0,2
24,15,0,2
24,16,0,2
24,17,0,2
24,18,0,2
24,19,0,2
24,20,0,2
24,21,0,2
24,22,0,2
24,23,0,2
24,24,0,2
24,25,0,2
24,26,0,2
24,27,0,2
24,28,0,2
24,29,0,2
24,30,0,2
24,31,0,2
24,32,0,2
24,33,0,2
24,34,0,2
24,35,0,2
24,36,0,2
24,37,0,2
24,38,0,2
24,39,0,2
24,40,0,2
24,41,0,2
24,42,0,2
24,43,0,2
24,44,0,2
24,45,0,2
24,46,0,2
24,47,0,2
24,48,0,2
24,49,0,2
24,50,0,2
24,51,0,2
24,52,0,2
24,53,0,2
24,54,1,5
24,55,1,0
24,56,1,0
24,57,0,2
24,58,0,2
24,59,0,2
24,60,0,2
24,61,0,2
24,62,0,2
24,63,0,2
24,64,0,2
24,65,0,2
24,66,0,2
24,67,0,2
24,68,0,2
24,69,0,2
24,70,0,2
24,71,0,2
24,72,0,2
24,73,0,2
24,74,0,2
24,75,0,2
24,76,0,2
24,77,0,2
24,78,0,2
24,79,0,2
24,80,0,2
24,81,0,2
24,82,0,2
24,83,0,2
24,84,0,2
24,85,0,2
24,86,0,2
24,87,0,2
24,88,0,2
24,89,0,2
24,90,0,2
24,91,0,2
24,92,0,2
24,93,0,2
24,94,0,2
24,95,0,2
24,96,0,2
24,97,0,2
24,98,0,2
24,99,0,2
25,0,0,2
25,1,0,2
25,2,0,2
25,3,0,2
25,4,0,2
25,5,0,2
25,6,0,2
25,7,0,2
25,8,0,2
25,9,0,2
25,10,0,2
25,11,0,2
25,12,0,2
25,13,0,2
25,14,0,2
25,15,0,2
25,16,0,2
25,17,0,2
25,18,0,2
25,19,0,2
25,20,0,2
25,21,0,2
25,22,0,2
25,23,0,2
25,24,0,2
25,25,0,2
25,26,0,2
25,27,0,2
25,28,0,2
25,29,0,2
25,30,0,2
25,31,0,2
25,32,0,2
25,33,0,2
25,34,0,2
25,35,0,2
25,36,0,2
25,37,0,2
25,38,0,2
25,39,0,2
25,40,0,2
25,41,0,2
25,42,0,2
25,43,0,2
25,44,1,0
25,45,1,0
25,46,0,2
25,47,0,2
25,48,0,2
25,49,0,2
25,50,0,2
25,51,0,2
25,52,0,2
25,53,0,2
25,54,0,2
25,55,0,2
25,56,0,2
25,57,0,2
25,58,0,2
25,59,0,2
25,60,0,2
25,61,0,2
25,62,0,2
25,63,0,2
25,64,0,2
25,65,1,0
25,66,0,2
25,67,0,2
25,68,0,2
25,69,0,2
25,70,0,2
25,71,0,2
25,72,0,2
25,73,0,2
25,74,0,2
25,75,0,2
25,76,0,2
25,77,0,2
25,78,0,2
25,79,0,2
25,80,0,2
25,81,0,2
25,82,0,2
25,83,0,2
25,84,0,2
25,85,0,2
25,86,0,2
25,87,0,2
25,88,0,2
25,89,0,2
25,90,0,2
25,91,0,2
25,92,0,2
25,93,0,2
25,94,0,2
25,95,0,2
25,96,0,2
25,97,0,2
25,98,0,2
25,99,0,2
26,0,0,2
26,1,0,2
26,2,0,2
26,3,0,2
26,4,1,0
26,5,1,0
26,6,0,2
26,7,0,2
26,8,0,2
26,9,0,2
26,10,0,2
26,11,0,2
26,12,0,2
26,13,0,2
26,14,0,2
26,15,0,2
26,16,0,2
26,17,0,2
26,18,0,2
26,19,0,2
26,20,0,2
26,21,0,2
26,22,0,2
26,23,0,2
26,24,1,5
26,25,1,5
26,26,1,0
26,27,1,0
26,28,0,2
26,29,0,2
26,30,0,2
26,31,0,2
26,32,0,2
26,33,0,2
26,34,0,2
26,35,0,2
26,36,0,2
26,37,0,2
26,38,0,2
26,39,0,2
26,40,0,2
26,41,1,5
26,42,1,0
26,43,0,2
26,44,0,2
26,45,0,2
26,46,0,2
26,47,0,2
26,48,0,2
26,49,0,2
26,50,0,2
26,51,0,2
26,52,0,2
26,53,0,2
26,54,0,2
26,55,0,2
26,56,0,2
26,57,0,2
26,58,0,2
26,59,0,2
26,60,0,2
26,61,0,2
26,62,0,2
26,63,0,2
26,64,0,2
26,65,0,2
26,66,0,2
26,67,0,2
26,68,0,2
26,69,0,2
26,70,0,2
26,71,0,2
26,72,0,2
26,73,0,2
26,74,0,2
26,75,0,2
26,76,0,2
26,77,0,2
26,78,0,2
26,79,0,2
26,80,0,2
26,81,0,2
26,82,0,2
26,83,0,2
26,84,0,2
26,85,0,2
26,86,0,2
26,87,0,2
26,88,0,2
26,89,1,0
26,90,1,0
26,91,1,0
26,92,0,2
26,93,0,2
26,94,0,2
26,95,0,2
26,96,0,2
26,97,0,2
26,98,0,2
26,99,0,2
27,0,0,2
27,1,0,2
27,2,0,2
27,3,0,2
27,4,0,2
27,5,0,2
27,6,0,2
27,7,0,2
27,8,0,2
27,9,0,2
27,10,0,2
27,11,0,2
27,12,0,2
27,13,0,2
27,14,0,2
27,15,0,2
27,16,0,2
27,17,0,2
27,18,0,2
27,19,0,2
27,20,0,2
27,21,0,2
27,22,0,2
27,23,0,2
27,24,0,2
27,25,0,2
27,26,0,2
27,27,1,0
27,28,1,0
27,29,0,2
27,30,0,2
27,31,0,2
27,32,0,2
27,33,0,2
27,34,0,2
27,35,0,2
27,36,0,2
27,37,0,2
27,38,0,2
27,39,0,2
27,40,0,2
27,41,0,2
27,42,0,2
27,43,0,2
27,44,0,2
27,45,0,2
27,46,0,2
27,47,0,2
27,48,0,2
27,49,0,2
27,50,0,2
27,51,0,2
27,52,0,2
27,53,0,2
27,54,0,2
27,55,0,2
27,56,0,2
27,57,0,2
27,58,0,2
27,59,0,2
27,60,0,2
27,61,0,2
27,62,0,2
27,63,0,2
27,64,0,2
27,65,0,2
27,66,0,2
27,67,0,2
27,68,0,2
27,69,0,2
27,70,0,2
27,71,0,2
27,72,0,2
27,73,0,2
27,74,0,2
27,75,0,2
27,76,0,2
27,77,0,2
27,78,0,2
27,79,0,2
27,80,0,2
27,81,0,2
27,82,0,2
27,83,0,2
27,84,0,2
27,85,0,2
27,86,0,2
27,87,0,2
27,88,0,2
27,89,0,2
27,90,0,2
27,91,0,2
27,92,0,2
27,93,0,2
27,94,0,2
27,95,0,2
27,96,0,2
27,97,0,2
27,98,0,2
27,99,0,2
28,0,0,2
28,1,0,2
28,2,0,2
28,3,0,2
28,4,0,2
28,5,0,2
28,6,0,2
28,7,0,2
28,8,0,2
28,9,0,2
28,10,0,2
28,11,0,2
28,12,0,2
28,13,0,2
28,14,0,2
28,15,0,2
28,16,0,2
28,17,0,2
28,18,0,2
28,19,0,2
28,20,0,2
28,21,0,2
28,22,0,2
28,23,0,2
28,24,0,2
28,25,0,2
28,26,0,2
28,27,0,2
28,28,1,0
28,29,0,2
28,30,0,2
28,31,0,2
28,32,0,2
28,33,0,2
28,34,0,2
28,35,0,2
28,36,0,2
28,37,0,2
28,38,0,2
28,39,0,2
28,40,0,2
28,41,0,2
28,42,0,2
28,43,0,2
28,44,0,2
28,45,0,2
28,46,0,2
28,47,0,2
28,48,0,2
28,49,0,2
28,50,0,2
28,51,0,2
28,52,0,2
28,53,0,2
28,54,0,2
28,55,0,2
28,56,0,2
28,57,0,2
28,58,0,2
28,59,0,2
28,60,0,2
28,61,0,2
28,62,0,2
28,63,0,2
28,64,0,2
28,65,0,2
28,66,0,2
28,67,0,2
28,68,0,2
28,69,0,2
28,70,1,0
28,71,1,0
28,72,0,2
28,73,0,2
28,74,0,2
28,75,0,2
28,76,0,2
28,77,0,2
28,78,0,2
28,79,0,2
28,80,0,2
28,81,0,2
28,82,0,2
28,83,0,2
28,84,0,2
28,85,0,2
28,86,0,2
28,87,0,2
28,88,1,0
28,89,0,2
28,90,0,2
28,91,0,2
28,92,0,2
28,93,0,2
28,94,0,2
28,95,0,2
28,96,0,2
28,97,0,2
28,98,0,2
28,99,0,2
29,0,0,2
29,1,0,2
29,2,0,2
29,3,0,2
29,4,0,2
29,5,0,2
29,6,0,2
29,7,0,2
29,8,0,2
29,9,0,2
29,10,0,2
29,11,0,2
29,12,0,2
29,13,0,2
29,14,0,2
29,15,0,2
29,16,0,2
29,17,0,2
29,18,0,2
29,19,0,2
29,20,0,2
29,21,0,2
29,22,0,2
29,23,0,2
29,24,0,2
29,25,0,2
29,26,1,0
29,27,1,5
29,28,1,0
29,29,1,0
29,30,0,2
29,31,0,2
29,32,0,2
29,33,0,2
29,34,0,2
29,35,0,2
29,36,0,2
29,37,0,2
29,38,0,2
29,39,0,2
29,40,0,2
29,41,0,2
29,42,0,2
29,43,0,2
29,44,0,2
29,45,0,2
29,46,0,2
29,47,0,2
29,48,0,2
29,49,0,2
29,50,0,2
29,51,0,2
29,52,0,2
29,53,0,2
29,54,0,2
29,55,0,2
29,56,0,2
29,57,0,2
29,58,0,2
29,59,0,2
29,60,0,2
29,61,0,2
29,62,0,2
29,63,0,2
29,64,0,2
29,65,0,2
29,66,0,2
29,67,0,2
29,68,0,2
29,69,0,2
29,70,0,2
29,71,0,2
29,72,0,2
29,73,0,2
29,74,0,2
29,75,0,2
29,76,0,2
29,77,0,2
29,78,0,2
29,79,0,2
29,80,0,2
29,81,0,2
29,82,0,2
29,83,0,2
29,84,0,2
29,85,0,2
29,86,0,2
29,87,0,2
29,88,0,2
29,89,0,2
29,90,0,2
29,91,0,2
29,92,0,2
29,93,0,2
29,94,0,2
29,95,0,2
29,96,0,2
29,97,0,2
29,98,0,2
29,99,0,2
30,0,0,2
30,1,0,2
30,2,0,2
30,3,0,2
30,4,0,2
30,5,0,2
30,6,0,2
30,7,0,2
30,8,0,2
30,9,0,2
30,10,0,2
30,11,0,2
30,12,0,2
30,13,0,2
30,14,1,0
30,15,0,2
30,16,0,2
30,17,0,2
30,18,0,2
30,19,0,2
30,20,0,2
30,21,0,2
30,22,0,2
30,23,0,2
30,24,0,2
30,25,0,2
30,26,0,2
30,27,0,2
30,28,0,2
30,29,0,2
30,30,0,2
30,31,0,2
30,32,0,2
30,33,1,0
30,34,1,5
30,35,1,5
30,36,1,0
30,37,1,0
30,38,0,2
30,39,0,2
30,40,0,2
30,41,0,2
30,42,0,2
30,43,0,2
30,44,0,2
30,45,0,2
30,46,0,2
30,47,0,2
30,48,1,0
30,49,0,2
30,50,0,2
30,51,0,2
30,52,0,2
30,53,0,2
30,54,0,2
30,55,0,2
30,56,0,2
30,57,0,2
30,58,0,2
30,59,0,2
30,60,0,2
30,61,0,2
30,62,0,2
30,63,0,2
30,64,0,2
30,65,0,2
30,66,0,2
30,67,0,2
30,68,0,2
30,69,0,2
30,70,0,2
30,71,0,2
30,72,0,2
30,73,0,2
30,74,0,2
30,75,0,2
30,76,0,2
30,77,0,2
30,78,0,2
30,79,0,2
30,80,0,2
30,81,0,2
30,82,0,2
30,83,0,2
30,84,0,2
30,85,0,2
30,86,0,2
30,87,0,2
30,88,0,2
30,89,0,2
30,90,0,2
30,91,0,2
30,92,0,2
30,93,0,2
30,94,0,2
30,95,0,2
30,96,1,5
30,97,1,0
30,98,1,0
30,99,0,2
31,0,0,2
31,1,0,2
31,2,0,2
31,3,0,2
31,4,0,2
31,5,0,2
31,6,0,2
31,7,0,2
31,8,0,2
31,9,0,2
31,10,0,2
31,11,0,2
31,12,0,2
31,13,0,2
31,14,0,2
31,15,0,2
31,16,0,2
31,17,0,2
31,18,0,2
31,19,0,2
31,20,0,2
31,21,0,2
31,22,0,2
31,23,0,2
31,24,0,2
31,25,0,2
31,26,0,2
31,27,0,2
31,28,0,2
31,29,0,2
31,30,0,2
31,31,0,2
31,32,0,2
31,33,0,2
31,34,0,2
31,35,0,2
31,36,0,2
31,37,0,2
31,38,0,2
31,39,0,2
31,40,0,2
31,41,0,2
31,42,0,2
31,43,0,2
31,44,0,2
31,45,0,2
31,46,0,2
31,47,0,2
31,48,0,2
31,49,0,2
31,50,0,2
31,51,0,2
31,52,0,2
31,53,0,2
31,54,0,2
31,55,0,2
31,56,0,2
31,57,0,2
31,58,0,2
31,59,0,2
31,60,0,2
31,61,0,2
31,62,0,2
31,63,0,2
31,64,0,2
31,65,0,2
31,66,0,2
31,67,0,2
31,68,0,2
31,69,0,2
31,70,0,2
31,71,0,2
31,72,0,2
31,73,0,2
31,74,0,2
31,75,0,2
31,76,0,2
31,77,0,2
31,78,0,2
31,79,1,5
31,80,1,0
31,81,1,0
31,82,0,2
31,83,0,2
31,84,0,2
31,85,0,2
31,86,0,2
31,87,0,2
31,88,1,0
31,89,0,2
31,90,0,2
31,91,0,2
31,92,0,2
31,93,0,2
31,94,0,2
31,95,0,2
31,96,0,2
31,97,0,2
31,98,0,2
31,99,0,2
32,0,0,2
32,1,0,2
32,2,0,2
32,3,0,2
32,4,0,2
32,5,0,2
32,6,0,2
32,7,0,2
32,8,0,2
32,9,0,2
32,10,0,2
32,11,0,2
32,12,0,2
32,13,0,2
32,14,0,2
32,15,0,2
32,16,0,2
32,17,1,0
32,18,1,0
32,19,1,0
32,20,1,0
32,21,0,2
32,22,0,2
32,23,0,2
32,24,0,2
32,25,0,2
32,26,0,2
32,27,1,0
32,28,0,2
32,29,0,2
32,30,0,2
32,31,0,2
32,32,0,2
32,33,0,2
32,34,0,2
32,35,0,2
32,36,0,2
32,37,0,2
32,38,0,2
32,39,0,2
32,40,0,2
32,41,0,2
32,42,0,2
32,43,0,2
32,44,0,2
32,45,0,2
32,46,0,2
32,47,0,2
32,48,0,2
32,49,0,2
32,50,0,2
32,51,0,2
32,52,0,2
32,53,0,2
32,54,0,2
32,55,0,2
32,56,0,2
32,57,0,2
32,58,0,2
32,59,0,2
32,60,0,2
32,61,0,2
32,62,0,2
32,63,0,2
32,64,0,2
32,65,0,2
32,66,0,2
32,67,0,2
32,68,0,2
32,69,0,2
32,70,0,2
32,71,0,2
32,72,0,2
32,73,1,0
32,74,0,2
32,75,0,2
32,76,0,2
32,77,0,2
32,78,0,2
32,79,0,2
32,80,0,2
32,81,0,2
32,82,1,0
32,83,0,2
32,84,0,2
32,85,0,2
32,86,0,2
32,87,0,2
32,88,0,2
32,89,0,2
32,90,0,2
32,91,0,2
32,92,0,2
32,93,0,2
32,94,0,2
32,95,0,2
32,96,0,2
32,97,0,2
32,98,0,2
32,99,0,2
33,0,0,2
33,1,0,2
33,2,0,2
33,3,0,2
33,4,0,2
33,5,0,2
33,6,0,2
33,7,0,2
33,8,0,2
33,9,0,2
33,10,0,2
33,11,1,0
33,12,1,0
33,13,0,2
33,14,0,2
33,15,0,2
33,16,0,2
33,17,0,2
33,18,0,2
33,19,0,2
33,20,0,2
33,21,0,2
33,22,0,2
33,23,0,2
33,24,0,2
33,25,0,2
33,26,0,2
33,27,1,0
33,28,1,0
33,29,0,2
33,30,0,2
33,31,0,2
33,32,0,2
33,33,0,2
33,34,0,2
33,35,0,2
33,36,0,2
33,37,0,2
33,38,0,2
33,39,0,2
33,40,0,2
33,41,0,2
33,42,0,2
33,43,0,2
33,44,0,2
33,45,0,2
33,46,0,2
33,47,0,2
33,48,0,2
33,49,0,2
33,50,0,2
33,51,0,2
33,52,0,2
33,53,0,2
33,54,0,2
33,55,0,2
33,56,0,2
33,57,0,2
33,58,0,2
33,59,0,2
33,60,0,2
33,61,0,2
33,62,0,2
33,63,0,2
33,64,0,2
33,65,0,2
33,66,0,2
33,67,0,2
33,68,0,2
33,69,0,2
33,70,0,2
33,71,0,2
33,72,0,2
33,73,0,2
33,74,0,2
33,75,0,2
33,76,0,2
33,77,0,2
33,78,0,2
33,79,0,2
33,80,0,2
33,81,0,2
33,82,0,2
33,83,0,2
33,84,0,2
33,85,0,2
33,86,0,2
33,87,0,2
33,88,0,2
33,89,0,2
33,90,0,2
33,91,0,2
33,92,0,2
33,93,0,2
33,94,0,2
33,95,0,2
33,96,0,2
33,97,0,2
33,98,0,2
33,99,0,2
34,0,0,2
34,1,0,2
34,2,0,2
34,3,1,5
34,4,1,5
34,5,1,0
34,6,1,0
34,7,0,2
34,8,1,0
34,9,1,5
34,10,1,0
34,11,1,5
34,12,1,5
34,13,1,0
34,14,1,0
34,15,0,2
34,16,0,2
34,17,0,2
34,18,0,2
34,19,0,2
34,20,0,2
34,21,0,2
34,22,0,2
34,23,0,2
34,24,0,2
34,25,0,2
34,26,0,2
34,27,0,2
34,28,0,2
34,29,0,2
34,30,0,2
34,31,0,2
34,32,0,2
34,33,0,2
34,34,0,2
34,35,0,2
34,36,0,2
34,37,1,0
34,38,0,2
34,39,0,2
34,40,0,2
34,41,0,2
34,42,0,2
34,43,0,2
34,44,0,2
34,45,0,2
34,46,0,2
34,47,0,2
34,48,0,2
34,49,0,2
34,50,0,2
34,51,0,2
34,52,0,2
34,53,0,2
34,54,0,2
34,55,0,2
34,56,0,2
34,57,0,2
34,58,0,2
34,59,0,2
34,60,0,2
34,61,0,2
34,62,0,2
34,63,0,2
34,64,0,2
34,65,0,2
34,66,0,2
34,67,0,2
34,68,0,2
34,69,0,2
34,70,0,2
34,71,0,2
34,72,0,2
34,73,0,2
34,74,0,2
34,75,0,2
34,76,0,2
34,77,0,2
34,78,0,2
34,79,0,2
34,80,0,2
34,81,0,2
34,82,0,2
34,83,0,2
34,84,0,2
34,85,0,2
34,86,0,2
34,87,0,2
34,88,0,2
34,89,0,2
34,90,0,2
34,91,0,2
34,92,0,2
34,93,0,2
34,94,0,2
34,95,0,2
34,96,0,2
34,97,0,2
34,98,0,2
34,99,0,2
35,0,0,2
35,1,0,2
35,2,0,2
35,3,0,2
35,4,0,2
35,5,0,2
35,6,0,2
35,7,0,2
35,8,0,2
35,9,0,2
35,10,1,5
35,11,1,5
35,12,1,5
35,13,1,0
35,14,0,2
35,15,0,2
35,16,1,0
35,17,1,0
35,18,0,2
35,19,0,2
35,20,0,2
35,21,0,2
35,22,0,2
35,23,0,2
35,24,0,2
35,25,0,2
35,26,0,2
35,27,0,2
35,28,0,2
35,29,0,2
35,30,0,2
35,31,0,2
35,32,0,2
35,33,0,2
35,34,0,2
35,35,0,2
35,36,0,2
35,37,0,2
35,38,0,2
35,39,0,2
35,40,0,2
35,41,0,2
35,42,0,2
35,43,0,2
35,44,0,2
35,45,0,2
35,46,0,2
35,47,0,2
35,48,0,2
35,49,0,2
35,50,0,2
35,51,0,2
35,52,0,2
35,53,0,2
35,54,0,2
35,55,0,2
35,56,0,2
35,57,0,2
35,58,0,2
35,59,0,2
35,60,0,2
35,61,0,2
35,62,0,2
35,63,0,2
35,64,0,2
35,65,0,2
35,66,0,2
35,67,0,2
35,68,0,2
35,69,0,2
35,70,0,2
35,71,0,2
35,72,0,2
35,73,0,2
35,74,0,2
35,75,0,2
35,76,0,2
35,77,0,2
35,78,0,2
35,79,0,2
35,80,0,2
35,81,0,2
35,82,0,2
35,83,0,2
35,84,0,2
35,85,0,2
35,86,0,2
35,87,0,2
35,88,0,2
35,89,0,2
35,90,0,2
35,91,0,2
35,92,0,2
35,93,0,2
35,94,0,2
35,95,0,2
35,96,0,2
35,97,0,2
35,98,0,2
35,99,0,2
36,0,0,2
36,1,0,2
36,2,0,2
36,3,0,2
36,4,0,2
36,5,0,2
36,6,0,2
36,7,0,2
36,8,0,2
36,9,0,2
36,10,0,2
36,11,1,0
36,12,1,0
36,13,1,5
36,14,1,5
36,15,1,0
36,16,0,2
36,17,0,2
36,18,0,2
36,19,0,2
36,20,0,2
36,21,0,2
36,22,0,2
36,23,0,2
36,24,0,2
36,25,0,2
36,26,0,2
36,27,0,2
36,28,0,2
36,29,0,2
36,30,0,2
36,31,0,2
36,32,0,2
36,33,0,2
36,34,0,2
36,35,0,2
36,36,0,2
36,37,0,2
36,38,0,2
36,39,0,2
36,40,0,2
36,41,0,2
36,42,0,2
36,43,0,2
36,44,0,2
36,45,0,2
36,46,0,2
36,47,0,2
36,48,0,2
36,49,1,0
36,50,1,0
36,51,1,0
36,52,0,2
36,53,0,2
36,54,1,5
36,55,1,0
36,56,1,0
36,57,0,2
36,58,0,2
36,59,0,2
36,60,0,2
36,61,0,2
36,62,0,2
36,63,0,2
36,64,0,2
36,65,0,2
36,66,0,2
36,67,0,2
36,68,0,2
36,69,0,2
36,70,0,2
36,71,0,2
36,72,0,2
36,73,0,2
36,74,0,2
36,75,0,2
36,76,0,2
36,77,0,2
36,78,0,2
36,79,1,0
36,80,0,2
36,81,0,2
36,82,0,2
36,83,0,2
36,84,0,2
36,85,0,2
36,86,0,2
36,87,0,2
36,88,0,2
36,89,0,2
36,90,0,2
36,91,0,2
36,92,0,2
36,93,0,2
36,94,0,2
36,95,0,2
36,96,0,2
36,97,0,2
36,98,0,2
36,99,0,2
37,0,0,2
37,1,0,2
37,2,0,2
37,3,0,2
37,4,0,2
37,5,0,2
37,6,0,2
37,7,0,2
37,8,0,2
37,9,0,2
37,10,0,2
37,11,0,2
37,12,0,2
37,13,0,2
37,14,0,2
37,15,0,2
37,16,0,2
37,17,0,2
37,18,0,2
37,19,0,2
37,20,0,2
37,21,0,2
37,22,0,2
37,23,0,2
37,24,0,2
37,25,0,2
37,26,0,2
37,27,0,2
37,28,0,2
37,29,0,2
37,30,0,2
37,31,0,2
37,32,0,2
37,33,0,2
37,34,0,2
37,35,0,2
37,36,0,2
37,37,0,2
37,38,0,2
37,39,0,2
37,40,0,2
37,41,0,2
37,42,0,2
37,43,0,2
37,44,0,2
37,45,0,2
37,46,0,2
37,47,0,2
37,48,0,2
37,49,0,2
37,50,0,2
37,51,0,2
37,52,0,2
37,53,0,2
37,54,0,2
37,55,0,2
37,56,0,2
37,57,0,2
37,58,0,2
37,59,0,2
37,60,0,2
37,61,0,2
37,62,0,2
37,63,0,2
37,64,0,2
37,65,0,2
37,66,0,2
37,67,0,2
37,68,0,2
37,69,0,2
37,70,0,2
37,71,0,2
37,72,0,2
37,73,0,2
37,74,0,2
37,75,0,2
37,76,0,2
37,77,0,2
37,78,0,2
37,79,0,2
37,80,0,2
37,81,0,2
37,82,0,2
37,83,0,2
37,84,0,2
37,85,0,2
37,86,0,2
37,87,0,2
37,88,0,2
37,89,0,2
37,90,0,2
37,91,0,2
37,92,0,2
37,93,0,2
37,94,0,2
37,95,0,2
37,96,0,2
37,97,0,2
37,98,0,2
37,99,0,2
38,0,0,2
38,1,1,0
38,2,1,5
38,3,1,0
38,4,1,0
38,5,0,2
38,6,0,2
38,7,0,2
38,8,0,2
38,9,0,2
38,10,0,2
38,11,0,2
38,12,0,2
38,13,0,2
38,14,0,2
38,15,0,2
38,16,0,2
38,17,0,2
38,18,0,2
38,19,0,2
38,20,0,2
38,21,0,2
38,22,0,2
38,23,0,2
38,24,0,2
38,25,0,2
38,26,0,2
38,27,0,2
38,28,0,2
38,29,0,2
38,30,0,2
38,31,0,2
38,32,0,2
38,33,0,2
38,34,0,2
38,35,0,2
38,36,0,2
38,37,0,2
38,38,0,2
38,39,0,2
38,40,0,2
38,41,0,2
38,42,0,2
38,43,0,2
38,44,0,2
38,45,0,2
38,46,0,2
38,47,0,2
38,48,0,2
38,49,0,2
38,50,0,2
38,51,0,2
38,52,1,0
38,53,0,2
38,54,0,2
38,55,0,2
38,56,0,2
38,57,0,2
38,58,0,2
38,59,0,2
38,60,0,2
38,61,0,2
38,62,0,2
38,63,0,2
38,64,1,0
38,65,0,2
38,66,0,2
38,67,0,2
38,68,0,2
38,69,0,2
38,70,0,2
38,71,0,2
38,72,0,2
38,73,0,2
38,74,0,2
38,75,0,2
38,76,0,2
38,77,1,0
38,78,1,0
38,79,1,5
38,80,1,0
38,81,1,0
38,82,1,0
38,83,1,5
38,84,1,0
38,85,0,2
38,86,0,2
38,87,0,2
38,88,0,2
38,89,0,2
38,90,0,2
38,91,0,2
38,92,0,2
38,93,0,2
38,94,0,2
38,95,0,2
38,96,0,2
38,97,0,2
38,98,0,2
38,99,0,2
39,0,0,2
39,1,0,2
39,2,0,2
39,3,0,2
39,4,0,2
39,5,0,2
39,6,0,2
39,7,0,2
39,8,0,2
39,9,0,2
39,10,0,2
39,11,0,2
39,12,0,2
39,13,0,2
39,14,0,2
39,15,0,2
39,16,0,2
39,17,0,2
39,18,0,2
39,19,0,2
39,20,0,2
39,21,0,2
39,22,0,2
39,23,0,2
39,24,0,2
39,25,0,2
39,26,0,2
39,27,0,2
39,28,0,2
39,29,0,2
39,30,0,2
39,31,0,2
39,32,0,2
39,33,0,2
39,34,0,2
39,35,0,2
39,36,0,2
39,37,0,2
39,38,0,2
39,39,0,2
39,40,0,2
39,41,0,2
39,42,0,2
39,43,0,2
39,44,0,2
39,45,0,2
39,46,0,2
39,47,0,2
39,48,0,2
39,49,0,2
39,50,0,2
39,51,0,2
39,52,0,2
39,53,0,2
39,54,0,2
39,55,0,2
39,56,0,2
39,57,0,2
39,58,0,2
39,59,0,2
39,60,0,2
39,61,0,2
39,62,0,2
39,63,0,2
39,64,0,2
39,65,0,2
39,66,0,2
39,67,0,2
39,68,0,2
39,69,0,2
39,70,0,2
39,71,0,2
39,72,0,2
39,73,0,2
39,74,1,0
39,75,1,0
39,76,1,5
39,77,1,0
39,78,1,0
39,79,0,2
39,80,0,2
39,81,0,2
39,82,0,2
39,83,0,2
39,84,0,2
39,85,1,0
39,86,0,2
39,87,0,2
39,88,0,2
39,89,0,2
39,90,0,2
39,91,0,2
39,92,0,2
39,93,0,2
39,94,0,2
39,95,0,2
39,96,0,2
39,97,0,2
39,98,0,2
39,99,0,2
40,0,0,2
40,1,0,2
40,2,0,2
40,3,0,2
40,4,0,2
40,5,0,2
40,6,0,2
40,7,0,2
40,8,0,2
40,9,0,2
40,10,0,2
40,11,0,2
40,12,0,2
40,13,0,2
40,14,1,0
40,15,1,5
40,16,1,5
40,17,1,5
40,18,1,5
40,19,1,5
40,20,1,5
40,21,1,5
40,22,1,0
40,23,1,5
40,24,1,0
40,25,1,0
40,26,1,0
40,27,0,2
40,28,1,5
40,29,1,0
40,30,0,2
40,31,0,2
40,32,0,2
40,33,0,2
40,34,0,2
40,35,0,2
40,36,0,2
40,37,0,2
40,38,0,2
40,39,0,2
40,40,0,2
40,41,0,2
40,42,0,2
40,43,0,2
40,44,0,2
40,45,0,2
40,46,0,2
40,47,0,2
40,48,0,2
40,49,0,2
40,50,0,2
40,51,0,2
40,52,0,2
40,53,0,2
40,54,0,2
40,55,0,2
40,56,1,0
40,57,0,2
40,58,0,2
40,59,0,2
40,60,0,2
40,61,0,2
40,62,0,2
40,63,0,2
40,64,0,2
40,65,0,2
40,66,0,2
40,67,0,2
40,68,0,2
40,69,0,2
40,70,0,2
40,71,0,2
40,72,0,2
40,73,0,2
40,74,0,2
40,75,0,2
40,76,0,2
40,77,0,2
40,78,0,2
40,79,0,2
40,80,0,2
40,81,0,2
40,82,0,2
40,83,0,2
40,84,0,2
40,85,0,2
40,86,0,2
40,87,0,2
40,88,0,2
40,89,0,2
40,90,0,2
40,91,0,2
40,92,0,2
40,93,0,2
40,94,0,2
40,95,0,2
40,96,0,2
40,97,0,2
40,98,0,2
40,99,0,2
41,0,0,2
41,1,0,2
41,2,0,2
41,3,0,2
41,4,0,2
41,5,0,2
41,6,0,2
41,7,0,2
41,8,0,2
41,9,0,2
41,10,0,2
41,11,0,2
41,12,0,2
41,13,0,2
41,14,0,2
41,15,0,2
41,16,0,2
41,17,0,2
41,18,0,2
41,19,0,2
41,20,0,2
41,21,0,2
41,22,0,2
41,23,0,2
41,24,0,2
41,25,0,2
41,26,0,2
41,27,0,2
41,28,0,2
41,29,0,2
41,30,0,2
41,31,0,2
41,32,0,2
41,33,0,2
41,34,0,2
41,35,0,2
41,36,0,2
41,37,0,2
41,38,0,2
41,39,0,2
41,40,0,2
41,41,0,2
41,42,0,2
41,43,0,2
41,44,0,2
41,45,0,2
41,46,0,2
41,47,0,2
41,48,0,2
41,49,0,2
41,50,0,2
41,51,0,2
41,52,0,2
41,53,0,2
41,54,1,5
41,55,1,0
41,56,1,0
41,57,1,0
41,58,1,0
41,59,0,2
41,60,0,2
41,61,0,2
41,62,0,2
41,63,0,2
41,64,0,2
41,65,0,2
41,66,0,2
41,67,0,2
41,68,0,2
41,69,0,2
41,70,0,2
41,71,0,2
41,72,0,2
41,73,0,2
41,74,0,2
41,75,0,2
41,76,0,2
41,77,0,2
41,78,0,2
41,79,0,2
41,80,0,2
41,81,0,2
41,82,0,2
41,83,0,2
41,84,0,2
41,85,0,2
41,86,0,2
41,87,0,2
41,88,0,2
41,89,0,2
41,90,0,2
41,91,0,2
41,92,1,0
41,93,0,2
41,94,0,2
41,95,0,2
41,96,0,2
41,97,0,2
41,98,0,2
41,99,0,2
42,0,0,2
42,1,0,2
42,2,0,2
42,3,0,2
42,4,0,2
42,5,0,2
42,6,0,2
42,7,0,2
42,8,0,2
42,9,0,2
42,10,0,2
42,11,0,2
42,12,0,2
42,13,0,2
42,14,0,2
42,15,0,2
42,16,0,2
42,17,0,2
42,18,0,2
42,19,0,2
42,20,0,2
42,21,0,2
42,22,0,2
42,23,0,2
42,24,0,2
42,25,0,2
42,26,0,2
42,27,0,2
42,28,0,2
42,29,0,2
42,30,0,2
42,31,0,2
42,32,0,2
42,33,0,2
42,34,1,0
42,35,1,5
42,36,1,0
42,37,1,0
42,38,0,2
42,39,0,2
42,40,1,0
42,41,1,0
42,42,0,2
42,43,0,2
42,44,0,2
42,45,0,2
42,46,0,2
42,47,0,2
42,48,0,2
42,49,0,2
42,50,0,2
42,51,0,2
42,52,0,2
42,53,0,2
42,54,0,2
42,55,0,2
42,56,0,2
42,57,0,2
42,58,0,2
42,59,0,2
42,60,0,2
42,61,0,2
42,62,0,2
42,63,0,2
42,64,0,2
42,65,0,2
42,66,0,2
42,67,0,2
42,68,0,2
42,69,0,2
42,70,0,2
42,71,0,2
42,72,0,2
42,73,0,2
42,74,0,2
42,75,0,2
42,76,0,2
42,77,0,2
42,78,0,2
42,79,0,2
42,80,0,2
42,81,0,2
42,82,0,2
42,83,0,2
42,84,0,2
42,85,0,2
42,86,0,2
42,87,0,2
42,88,0,2
42,89,0,2
42,90,0,2
42,91,0,2
42,92,0,2
42,93,0,2
42,94,0,2
42,95,0,2
42,96,0,2
42,97,0,2
42,98,0,2
42,99,0,2
43,0,0,2
43,1,0,2
43,2,0,2
43,3,0,2
43,4,0,2
43,5,0,2
43,6,0,2
43,7,0,2
43,8,0,2
43,9,0,2
43,10,0,2
43,11,0,2
43,12,0,2
43,13,0,2
43,14,0,2
43,15,0,2
43,16,0,2
43,17,0,2
43,18,1,0
43,19,0,2
43,20,0,2
43,21,0,2
43,22,0,2
43,23,0,2
43,24,0,2
43,25,0,2
43,26,0,2
43,27,1,5
43,28,1,0
43,29,1,0
43,30,1,5
43,31,1,0
43,32,1,0
43,33,0,2
43,34,0,2
43,35,0,2
43,36,0,2
43,37,0,2
43,38,0,2
43,39,0,2
43,40,0,2
43,41,0,2
43,42,0,2
43,43,0,2
43,44,0,2
43,45,0,2
43,46,0,2
43,47,0,2
43,48,0,2
43,49,0,2
43,50,0,2
43,51,0,2
43,52,0,2
43,53,0,2
43,54,0,2
43,55,0,2
43,56,0,2
43,57,0,2
43,58,0,2
43,59,0,2
43,60,0,2
43,61,0,2
43,62,0,2
43,63,1,0
43,64,0,2
43,65,0,2
43,66,0,2
43,67,0,2
43,68,0,2
43,69,0,2
43,70,0,2
43,71,0,2
43,72,0,2
43,73,0,2
43,74,1,5
43,75,1,5
43,76,1,0
43,77,1,0
43,78,1,0
43,79,0,2
43,80,0,2
43,81,0,2
43,82,1,5
43,83,1,0
43,84,0,2
43,85,0,2
43,86,0,2
43,87,0,2
43,88,0,2
43,89,0,2
43,90,0,2
43,91,0,2
43,92,0,2
43,93,0,2
43,94,0,2
43,95,0,2
43,96,0,2
43,97,0,2
43,98,0,2
43,99,0,2
44,0,0,2
44,1,0,2
44,2,0,2
44,3,0,2
44,4,0,2
44,5,0,2
44,6,0,2
44,7,0,2
44,8,0,2
44,9,0,2
44,10,0,2
44,11,0,2
44,12,0,2
44,13,0,2
44,14,0,2
44,15,0,2
44,16,0,2
44,17,0,2
44,18,0,2
44,19,0,2
44,20,0,2
44,21,0,2
44,22,1,0
44,23,0,2
44,24,0,2
44,25,0,2
44,26,1,5
44,27,1,0
44,28,1,5
44,29,1,0
44,30,0,2
44,31,0,2
44,32,0,2
44,33,0,2
44,34,0,2
44,35,0,2
44,36,0,2
44,37,0,2
44,38,0,2
44,39,0,2
44,40,0,2
44,41,0,2
44,42,0,2
44,43,0,2
44,44,0,2
44,45,0,2
44,46,0,2
44,47,0,2
44,48,0,2
44,49,0,2
44,50,0,2
44,51,0,2
44,52,0,2
44,53,0,2
44,54,0,2
44,55,0,2
44,56,0,2
44,57,0,2
44,58,0,2
44,59,0,2
44,60,0,2
44,61,0,2
44,62,0,2
44,63,1,0
44,64,1,0
44,65,1,0
44,66,0,2
44,67,0,2
44,68,0,2
44,69,0,2
44,70,0,2
44,71,0,2
44,72,0,2
44,73,0,2
44,74,0,2
44,75,0,2
44,76,0,2
44,77,0,2
44,78,0,2
44,79,0,2
44,80,0,2
44,81,0,2
44,82,0,2
44,83,0,2
44,84,0,2
44,85,0,2
44,86,0,2
44,87,1,0
44,88,1,0
44,89,1,5
44,90,1,0
44,91,1,0
44,92,1,5
44,93,1,0
44,94,0,2
44,95,0,2
44,96,0,2
44,97,0,2
44,98,0,2
44,99,0,2
45,0,0,2
45,1,0,2
45,2,0,2
45,3,0,2
45,4,0,2
45,5,0,2
45,6,0,2
45,7,0,2
45,8,0,2
45,9,0,2
45,10,0,2
45,11,0,2
45,12,0,2
45,13,0,2
45,14,0,2
45,15,0,2
45,16,0,2
45,17,0,2
45,18,0,2
45,19,0,2
45,20,0,2
45,21,0,2
45,22,0,2
45,23,0,2
45,24,0,2
45,25,0,2
45,26,0,2
45,27,0,2
45,28,0,2
45,29,0,2
45,30,0,2
45,31,0,2
45,32,0,2
45,33,0,2
45,34,0,2
45,35,0,2
45,36,0,2
45,37,0,2
45,38,1,0
45,39,1,5
45,40,1,0
45,41,1,5
45,42,1,0
45,43,1,0
45,44,1,0
45,45,1,0
45,46,0,2
45,47,0,2
45,48,0,2
45,49,0,2
45,50,0,2
45,51,0,2
45,52,0,2
45,53,0,2
45,54,0,2
45,55,0,2
45,56,0,2
45,57,0,2
45,58,0,2
45,59,0,2
45,60,0,2
45,61,0,2
45,62,0,2
45,63,0,2
45,64,0,2
45,65,0,2
45,66,0,2
45,67,0,2
45,68,0,2
45,69,0,2
45,70,0,2
45,71,0,2
45,72,0,2
45,73,0,2
45,74,0,2
45,75,0,2
45,76,0,2
45,77,0,2
45,78,0,2
45,79,0,2
45,80,0,2
45,81,0,2
45,82,0,2
45,83,0,2
45,84,0,2
45,85,0,2
45,86,0,2
45,87,0,2
45,88,0,2
45,89,0,2
45,90,0,2
45,91,0,2
45,92,0,2
45,93,0,2
45,94,0,2
45,95,0,2
45,96,0,2
45,97,0,2
45,98,0,2
45,99,0,2
46,0,0,2
46,1,0,2
46,2,0,2
46,3,0,2
46,4,0,2
46,5,0,2
46,6,0,2
46,7,0,2
46,8,0,2
46,9,0,2
46,10,0,2
46,11,0,2
46,12,0,2
46,13,0,2
46,14,0,2
46,15,0,2
46,16,0,2
46,17,0,2
46,18,0,2
46,19,0,2
46,20,0,2
46,21,1,0
46,22,1,0
46,23,0,2
46,24,0,2
46,25,0,2
46,26,0,2
46,27,0,2
46,28,0,2
46,29,0,2
46,30,0,2
46,31,0,2
46,32,0,2
46,33,0,2
46,34,0,2
46,35,0,2
46,36,1,0
46,37,1,5
46,38,1,0
46,39,1,0
46,40,1,0
46,41,0,2
46,42,1,0
46,43,1,5
46,44,1,0
46,45,1,5
46,46,1,0
46,47,1,0
46,48,1,5
46,49,1,0
46,50,1,5
46,51,1,0
46,52,0,2
46,53,0,2
46,54,0,2
46,55,0,2
46,56,0,2
46,57,0,2
46,58,0,2
46,59,0,2
46,60,0,2
46,61,0,2
46,62,0,2
46,63,0,2
46,64,0,2
46,65,0,2
46,66,0,2
46,67,0,2
46,68,0,2
46,69,0,2
46,70,0,2
46,71,0,2
46,72,0,2
46,73,0,2
46,74,0,2
46,75,0,2
46,76,0,2
46,77,0,2
46,78,0,2
46,79,0,2
46,80,0,2
46,81,0,2
46,82,0,2
46,83,0,2
46,84,0,2
46,85,0,2
46,86,0,2
46,87,0,2
46,88,0,2
46,89,0,2
46,90,0,2
46,91,0,2
46,92,0,2
46,93,0,2
46,94,0,2
46,95,0,2
46,96,0,2
46,97,0,2
46,98,0,2
46,99,0,2
47,0,0,2
47,1,0,2
47,2,0,2
47,3,0,2
47,4,0,2
47,5,0,2
47,6,0,2
47,7,0,2
47,8,0,2
47,9,0,2
47,10,0,2
47,11,0,2
47,12,0,2
47,13,0,2
47,14,0,2
47,15,0,2
47,16,0,2
47,17,0,2
47,18,0,2
47,19,0,2
47,20,0,2
47,21,1,5
47,22,1,0
47,23,1,5
47,24,1,5
47,25,1,5
47,26,1,0
47,27,0,2
47,28,0,2
47,29,0,2
47,30,0,2
47,31,0,2
47,32,0,2
47,33,0,2
47,34,0,2
47,35,0,2
47,36,0,2
47,37,0,2
47,38,0,2
47,39,0,2
47,40,0,2
47,41,0,2
47,42,0,2
47,43,0,2
47,44,0,2
47,45,0,2
47,46,0,2
47,47,0,2
47,48,0,2
47,49,0,2
47,50,0,2
47,51,0,2
47,52,0,2
47,53,0,2
47,54,0,2
47,55,1,5
47,56,1,0
47,57,1,0
47,58,0,2
47,59,0,2
47,60,0,2
47,61,0,2
47,62,0,2
47,63,0,2
47,64,0,2
47,65,0,2
47,66,0,2
47,67,0,2
47,68,0,2
47,69,0,2
47,70,0,2
47,71,0,2
47,72,0,2
47,73,0,2
47,74,0,2
47,75,0,2
47,76,0,2
47,77,0,2
47,78,0,2
47,79,0,2
47,80,0,2
47,81,0,2
47,82,0,2
47,83,0,2
47,84,0,2
47,85,0,2
47,86,0,2
47,87,0,2
47,88,0,2
47,89,0,2
47,90,0,2
47,91,0,2
47,92,0,2
47,93,0,2
47,94,0,2
47,95,0,2
47,96,0,2
47,97,0,2
47,98,0,2
47,99,0,2
48,0,0,2
48,1,0,2
48,2,0,2
48,3,0,2
48,4,0,2
48,5,0,2
48,6,0,2
48,7,0,2
48,8,0,2
48,9,0,2
48,10,0,2
48,11,0,2
48,12,0,2
48,13,0,2
48,14,0,2
48,15,0,2
48,16,0,2
48,17,0,2
48,18,0,2
48,19,0,2
48,20,0,2
48,21,0,2
48,22,0,2
48,23,0,2
48,24,0,2
48,25,0,2
48,26,0,2
48,27,0,2
48,28,0,2
48,29,0,2
48,30,0,2
48,31,0,2
48,32,0,2
48,33,0,2
48,34,0,2
48,35,0,2
48,36,0,2
48,37,0,2
48,38,0,2
48,39,0,2
48,40,0,2
48,41,0,2
48,42,0,2
48,43,0,2
48,44,0,2
48,45,0,2
48,46,0,2
48,47,0,2
48,48,0,2
48,49,0,2
48,50,0,2
48,51,0,2
48,52,0,2
48,53,0,2
48,54,0,2
48,55,0,2
48,56,0,2
48,57,0,2
48,58,0,2
48,59,0,2
48,60,0,2
48,61,0,2
48,62,0,2
48,63,0,2
48,64,0,2
48,65,0,2
48,66,0,2
48,67,0,2
48,68,0,2
48,69,0,2
48,70,0,2
48,71,0,2
48,72,0,2
48,73,0,2
48,74,0,2
48,75,0,2
48,76,0,2
48,77,0,2
48,78,0,2
48,79,0,2
48,80,0,2
48,81,0,2
48,82,0,2
48,83,0,2
48,84,0,2
48,85,0,2
48,86,0,2
48,87,0,2
48,88,0,2
48,89,0,2
48,90,0,2
48,91,0,2
48,92,0,2
48,93,0,2
48,94,0,2
48,95,0,2
48,96,0,2
48,97,0,2
48,98,0,2
48,99,0,2
49,0,0,2
49,1,0,2
49,2,0,2
49,3,0,2
49,4,0,2
49,5,0,2
49,6,0,2
49,7,0,2
49,8,0,2
49,9,0,2
49,10,1,5
49,11,1,0
49,12,1,0
49,13,0,2
49,14,0,2
49,15,0,2
49,16,0,2
49,17,0,2
49,18,0,2
49,19,0,2
49,20,0,2
49,21,0,2
49,22,0,2
49,23,0,2
49,24,1,0
49,25,1,0
49,26,0,2
49,27,0,2
49,28,0,2
49,29,0,2
49,30,0,2
49,31,0,2
49,32,0,2
49,33,0,2
49,34,0,2
49,35,0,2
49,36,0,2
49,37,0,2
49,38,0,2
49,39,0,2
49,40,0,2
49,41,0,2
49,42,0,2
49,43,0,2
49,44,0,2
49,45,0,2
49,46,0,2
49,47,0,2
49,48,0,2
49,49,0,2
49,50,0,2
49,51,0,2
49,52,1,5
49,53,1,0
49,54,0,2
49,55,0,2
49,56,0,2
49,57,0,2
49,58,0,2
49,59,0,2
49,60,0,2
49,61,0,2
49,62,0,2
49,63,0,2
49,64,0,2
49,65,0,2
49,66,0,2
49,67,0,2
49,68,0,2
49,69,0,2
49,70,0,2
49,71,0,2
49,72,0,2
49,73,0,2
49,74,0,2
49,75,0,2
49,76,0,2
49,77,0,2
49,78,0,2
49,79,0,2
49,80,0,2
49,81,0,2
49,82,0,2
49,83,0,2
49,84,0,2
49,85,0,2
49,86,0,2
49,87,0,2
49,88,0,2
49,89,0,2
49,90,0,2
49,91,0,2
49,92,0,2
49,93,0,2
49,94,0,2
49,95,0,2
49,96,0,2
49,97,0,2
49,98,0,2
49,99,0,2
